<keymap version="1" name="GNOME copy" parent="Default for GNOME">
  <action id="Build">
    <keyboard-shortcut first-keystroke="ctrl f9" />
    <keyboard-shortcut first-keystroke="ctrl b" />
  </action>
  <action id="BuildProject">
    <keyboard-shortcut first-keystroke="ctrl b" />
  </action>
  <action id="GotoDeclaration">
    <mouse-shortcut keystroke="control button1" />
  </action>
  <action id="Jdbc.OpenEditor.DDL">
    <mouse-shortcut keystroke="control button1" />
  </action>
  <action id="ReplaceInPath" />
  <action id="Run">
    <keyboard-shortcut first-keystroke="shift f10" />
    <keyboard-shortcut first-keystroke="shift ctrl r" />
  </action>
  <action id="ZoomCurrentWindow">
    <keyboard-shortcut first-keystroke="shift ctrl equals" />
  </action>
</keymap>