<keymap version="1" name="Bernie's Settings" parent="Default for GNOME">
  <action id="ActivateTerminalToolWindow">
    <keyboard-shortcut first-keystroke="alt f12" />
    <keyboard-shortcut first-keystroke="shift ctrl t" />
  </action>
  <action id="CodeInspection.OnEditor" />
  <action id="Console.TableResult.SelectRow" />
  <action id="Forward">
    <keyboard-shortcut first-keystroke="shift alt right" />
  </action>
  <action id="GotoTest" />
  <action id="MoveStatementUp" />
  <action id="NextSplitter">
    <keyboard-shortcut first-keystroke="shift ctrl up" />
    <keyboard-shortcut first-keystroke="shift ctrl i" />
  </action>
  <action id="NextTab">
    <keyboard-shortcut first-keystroke="alt right" />
    <keyboard-shortcut first-keystroke="alt semicolon" />
  </action>
  <action id="PreviousTab">
    <keyboard-shortcut first-keystroke="alt left" />
    <keyboard-shortcut first-keystroke="alt h" />
  </action>
  <action id="QuickImplementations" />
  <action id="ReplaceInPath" />
  <action id="ResizeToolWindowLeft" />
  <action id="ResizeToolWindowRight" />
  <action id="ResizeToolWindowUp" />
  <action id="Run">
    <keyboard-shortcut first-keystroke="shift f10" />
    <mouse-shortcut keystroke="button5" />
    <keyboard-shortcut first-keystroke="shift ctrl r" />
  </action>
  <action id="RunInspection" />
  <action id="SearchEverywhere">
    <keyboard-shortcut first-keystroke="shift space" />
  </action>
  <action id="ServiceView.ShowServices" />
  <action id="SurroundWith">
    <keyboard-shortcut first-keystroke="ctrl t" />
  </action>
  <action id="Vcs.UpdateProject" />
</keymap>