<application>
  <component name="FileTypeManager" version="18">
    <ignoreFiles list="*$py.class;*.pyc;*.pyo;*.rbc;*.yarb;*~;.DS_Store;.git;.hg;.svn;CVS;__pycache__;_svn;vssver.scc;vssver2.scc" />
    <extensionMap>
      <mapping pattern="sda-delegate" type="AUTO_DETECTED" />
      <mapping pattern="support-tmux" type="AUTO_DETECTED" />
      <mapping pattern=".pylintrc" type="PLAIN_TEXT" />
      <mapping pattern="sda_logging.py" type="PLAIN_TEXT" />
      <mapping pattern="api-credentials-prod" type="PLAIN_TEXT" />
      <mapping pattern="nginx_config_logging" type="PLAIN_TEXT" />
      <mapping pattern="nginx_config_logging_dev" type="PLAIN_TEXT" />
      <mapping ext="plist" type="PLAIN_TEXT" />
      <mapping ext="priv" type="PLAIN_TEXT" />
      <mapping ext="config" type="PLAIN_TEXT" />
      <mapping ext="eth" type="PLAIN_TEXT" />
      <mapping ext="sh" type="PLAIN_TEXT" />
      <mapping ext="dot" type="PLAIN_TEXT" />
      <mapping ext="s" type="PLAIN_TEXT" />
      <mapping ext="template" type="PLAIN_TEXT" />
      <mapping ext="pr" type="PLAIN_TEXT" />
      <mapping pattern="sda_logging" type="Python" />
      <removed_mapping ext="bash" approved="true" type="Shell Script" />
      <removed_mapping ext="ignore" approved="true" type="IgnoreLang file" />
      <removed_mapping ext="sh" approved="true" type="Shell Script" />
      <removed_mapping ext="txt" approved="true" type="PLAIN_TEXT" />
      <removed_mapping ext="zsh" approved="true" type="Shell Script" />
    </extensionMap>
  </component>
</application>