<application>
  <component name="SshConfigs">
    <configs>
      <sshConfig authType="PASSWORD" host="integration-test.local" id="71741eaa-1428-4d8c-bc19-7b06d58ec045" port="22" nameFormat="DESCRIPTIVE" username="pi" />
      <sshConfig authType="OPEN_SSH" host="192.168.1.238" id="faec74a0-62d5-4073-9e11-70a8eb37ad8d" port="22" nameFormat="DESCRIPTIVE" username="pi" />
      <sshConfig authType="OPEN_SSH" host="192.168.1.227" id="2ad48ed3-419e-4b2a-be9e-7c3bf26c49bb" port="22" nameFormat="DESCRIPTIVE" username="pi" />
      <sshConfig authType="OPEN_SSH" host="10.0.0.31" id="bdc9ef75-d815-4b60-b8ae-55e241aa206a" port="22" nameFormat="DESCRIPTIVE" username="pi" />
      <sshConfig authType="OPEN_SSH" host="192.168.1.211" id="c1a3a319-1a81-448c-93f7-c682c7c0fd76" port="22" nameFormat="DESCRIPTIVE" username="pi" />
    </configs>
  </component>
</application>