<profile version="1.0">
  <option name="myName" value="Default" />
  <inspection_tool class="DuplicatedCode" enabled="true" level="WEAK WARNING" enabled_by_default="true">
    <Languages>
      <language minSize="97" name="Python" />
    </Languages>
  </inspection_tool>
  <inspection_tool class="Eslint" enabled="true" level="WARNING" enabled_by_default="true" />
  <inspection_tool class="MagicNumberJS" enabled="true" level="WARNING" enabled_by_default="true" />
  <inspection_tool class="PyCompatibilityInspection" enabled="true" level="WARNING" enabled_by_default="true">
    <option name="ourVersions">
      <value>
        <list size="1">
          <item index="0" class="java.lang.String" itemvalue="3.9" />
        </list>
      </value>
    </option>
  </inspection_tool>
  <inspection_tool class="PyPackageRequirementsInspection" enabled="true" level="WARNING" enabled_by_default="true">
    <option name="ignoredPackages">
      <value>
        <list size="86">
          <item index="0" class="java.lang.String" itemvalue="qrcode" />
          <item index="1" class="java.lang.String" itemvalue="protobuf" />
          <item index="2" class="java.lang.String" itemvalue="pytest" />
          <item index="3" class="java.lang.String" itemvalue="certifi" />
          <item index="4" class="java.lang.String" itemvalue="pytz" />
          <item index="5" class="java.lang.String" itemvalue="requests" />
          <item index="6" class="java.lang.String" itemvalue="urllib3" />
          <item index="7" class="java.lang.String" itemvalue="idna" />
          <item index="8" class="java.lang.String" itemvalue="traitlets" />
          <item index="9" class="java.lang.String" itemvalue="mysql-connector" />
          <item index="10" class="java.lang.String" itemvalue="pickleshare" />
          <item index="11" class="java.lang.String" itemvalue="py" />
          <item index="12" class="java.lang.String" itemvalue="MarkupSafe" />
          <item index="13" class="java.lang.String" itemvalue="python-guerrillamail" />
          <item index="14" class="java.lang.String" itemvalue="ipython-genutils" />
          <item index="15" class="java.lang.String" itemvalue="Pygments" />
          <item index="16" class="java.lang.String" itemvalue="lxml" />
          <item index="17" class="java.lang.String" itemvalue="pyparsing" />
          <item index="18" class="java.lang.String" itemvalue="Werkzeug" />
          <item index="19" class="java.lang.String" itemvalue="aniso8601" />
          <item index="20" class="java.lang.String" itemvalue="iniconfig" />
          <item index="21" class="java.lang.String" itemvalue="cryptography" />
          <item index="22" class="java.lang.String" itemvalue="uWSGI" />
          <item index="23" class="java.lang.String" itemvalue="pexpect" />
          <item index="24" class="java.lang.String" itemvalue="click" />
          <item index="25" class="java.lang.String" itemvalue="sendgrid" />
          <item index="26" class="java.lang.String" itemvalue="attrs" />
          <item index="27" class="java.lang.String" itemvalue="jedi" />
          <item index="28" class="java.lang.String" itemvalue="sda" />
          <item index="29" class="java.lang.String" itemvalue="backcall" />
          <item index="30" class="java.lang.String" itemvalue="cssselect" />
          <item index="31" class="java.lang.String" itemvalue="decorator" />
          <item index="32" class="java.lang.String" itemvalue="ptyprocess" />
          <item index="33" class="java.lang.String" itemvalue="pyfcm" />
          <item index="34" class="java.lang.String" itemvalue="yapf" />
          <item index="35" class="java.lang.String" itemvalue="more-itertools" />
          <item index="36" class="java.lang.String" itemvalue="pluggy" />
          <item index="37" class="java.lang.String" itemvalue="wcwidth" />
          <item index="38" class="java.lang.String" itemvalue="importlib-metadata" />
          <item index="39" class="java.lang.String" itemvalue="Jinja2" />
          <item index="40" class="java.lang.String" itemvalue="mysql-connector-python" />
          <item index="41" class="java.lang.String" itemvalue="pytest-cov" />
          <item index="42" class="java.lang.String" itemvalue="zipp" />
          <item index="43" class="java.lang.String" itemvalue="prompt-toolkit" />
          <item index="44" class="java.lang.String" itemvalue="itsdangerous" />
          <item index="45" class="java.lang.String" itemvalue="Flask" />
          <item index="46" class="java.lang.String" itemvalue="coverage" />
          <item index="47" class="java.lang.String" itemvalue="six" />
          <item index="48" class="java.lang.String" itemvalue="Flask-Cors" />
          <item index="49" class="java.lang.String" itemvalue="parso" />
          <item index="50" class="java.lang.String" itemvalue="waitress" />
          <item index="51" class="java.lang.String" itemvalue="wheel" />
          <item index="52" class="java.lang.String" itemvalue="ipython" />
          <item index="53" class="java.lang.String" itemvalue="packaging" />
          <item index="54" class="java.lang.String" itemvalue="starkbank-ecdsa" />
          <item index="55" class="java.lang.String" itemvalue="toml" />
          <item index="56" class="java.lang.String" itemvalue="chardet" />
          <item index="57" class="java.lang.String" itemvalue="python-http-client" />
          <item index="58" class="java.lang.String" itemvalue="Flask-RESTful" />
          <item index="59" class="java.lang.String" itemvalue="ansi2html" />
          <item index="60" class="java.lang.String" itemvalue="botocore" />
          <item index="61" class="java.lang.String" itemvalue="python-engineio" />
          <item index="62" class="java.lang.String" itemvalue="python-dateutil" />
          <item index="63" class="java.lang.String" itemvalue="cachelib" />
          <item index="64" class="java.lang.String" itemvalue="setuptools" />
          <item index="65" class="java.lang.String" itemvalue="jmespath" />
          <item index="66" class="java.lang.String" itemvalue="python-socketio" />
          <item index="67" class="java.lang.String" itemvalue="boto3" />
          <item index="68" class="java.lang.String" itemvalue="Flask-SocketIO" />
          <item index="69" class="java.lang.String" itemvalue="isort" />
          <item index="70" class="java.lang.String" itemvalue="pyinotify" />
          <item index="71" class="java.lang.String" itemvalue="Flask-Session" />
          <item index="72" class="java.lang.String" itemvalue="tzlocal" />
          <item index="73" class="java.lang.String" itemvalue="pylint" />
          <item index="74" class="java.lang.String" itemvalue="socketio" />
          <item index="75" class="java.lang.String" itemvalue="pillow" />
          <item index="76" class="java.lang.String" itemvalue="pathspec" />
          <item index="77" class="java.lang.String" itemvalue="regex" />
          <item index="78" class="java.lang.String" itemvalue="Pyment" />
          <item index="79" class="java.lang.String" itemvalue="psutil" />
          <item index="80" class="java.lang.String" itemvalue="black" />
          <item index="81" class="java.lang.String" itemvalue="mypy-extensions" />
          <item index="82" class="java.lang.String" itemvalue="Pillow" />
          <item index="83" class="java.lang.String" itemvalue="typed-ast" />
          <item index="84" class="java.lang.String" itemvalue="typing-extensions" />
          <item index="85" class="java.lang.String" itemvalue="astroid" />
        </list>
      </value>
    </option>
  </inspection_tool>
  <inspection_tool class="PyPep8NamingInspection" enabled="true" level="WEAK WARNING" enabled_by_default="true">
    <option name="ignoredErrors">
      <list>
        <option value="N801" />
      </list>
    </option>
  </inspection_tool>
  <inspection_tool class="PyUnresolvedReferencesInspection" enabled="true" level="WARNING" enabled_by_default="true">
    <option name="ignoredIdentifiers">
      <list>
        <option value="sda.globals.ENVIRONMENT" />
      </list>
    </option>
  </inspection_tool>
</profile>